GCTG,9310,a
CAGC,9053,e
AAAA,8995,o
GCGC,8812,r
GGCG,8696,i
CTGG,8681,s
TTTT,8677,n
CGCC,8649,1
CCAG,8569,t
GCCA,7833,l
TGGC,7823,2
CTGC,7422,m
CGGC,7254,d
GCCG,7213,0
GCAG,7176,c
GCGG,7112,p
CCGC,7076,3
CGCG,7055,h
ATCA,6949,b
GGCA,6934,u
TGAT,6914,k
TTTC,6896,4
GAAA,6894,5
TTGC,6874,g
TGCC,6740,9
GCAA,6733,6
CATC,6702,8
AGCG,6701,7
CGCT,6672,y
TGAA,6604,f
GATG,6553,w
GCGT,6520,j
ATTT,6493,v
TCGC,6472,z
AAAT,6451,x
TGCG,6438,q
CGCA,6429,A
ACGC,6419,S
GTTT,6392,E
CGGT,6370,R
GCGA,6352,B
TTCA,6300,T
AAAC,6271,M
CAGG,6259,L
CCTG,6241,N
CGTT,6208,P
CCGG,6186,O
ACCG,6174,I
CTGA,6110,D
CAAA,6107,C
CGAT,6101,H
ACCA,6087,G
TGGT,6042,K
AACG,6029,F
TCAG,6012,J
ATCG,5992,U
TTTG,5984,W
CACC,5949,.
TGCT,5805,!
GGTG,5792,Y
AAAG,5713,*
CTTT,5713,@
TAAA,5690,V
TTTA,5659, 
AGCA,5618,Z
ATAA,5533,Q
TCTG,5519,X
TTAT,5499,_
GTTG,5488,$
TGTT,5488,#
AATG,5475,","
AACA,5436,/
CATT,5422,+
ATGC,5403,?
GAAG,5398,;
TTAA,5387,^
GCAT,5373,-
CAAC,5356,%
AATA,5286,~
CAGA,5283,=
GATT,5272,&
ATTG,5264,`
CAAT,5239,\
AATC,5207,)
TATT,5199,]
CTTC,5182,[
ATGA,5171,:
ACTG,5167,<
TCAT,5163,(
CAGT,5151,æ
GGTT,5111,>
GATA,5071,""""
TTCC,5060,ü
TATC,5056,|
AACC,5055,{
ATGG,5015,'
CCAT,5004,ö
TGCA,4986,ä
GGAA,4983,}
GCTT,4960,\n
AATT,4952,\r
CGAA,4910,\t
